terminal,source,destination,packet_size,send_time,receive_time,latency
0,1,0,16,8,725,717
2,1,2,16,8,725,717
3,1,3,16,8,725,717
0,2,0,16,20,925,905
2,3,2,16,20,1125,1105
1,0,1,16,0,1325,1325
2,0,2,16,0,1325,1325
3,0,3,16,0,1325,1325
2,1,2,16,2,1525,1523
0,2,0,16,16,1925,1909
1,2,1,16,16,1925,1909
2,2,2,16,16,1925,1909
1,0,1,16,11,2125,2114
0,1,0,16,0,2325,2325
1,2,1,16,6,2525,2519
2,0,2,16,0,2925,2925
0,1,0,16,13,3125,3112
2,1,2,16,13,3125,3112
3,1,3,16,13,3125,3112
3,2,3,16,0,3325,3325
2,3,2,16,15,3525,3510
2,1,2,16,0,4725,4725
1,2,1,16,4,4925,4921
1,3,1,16,11,5125,5114
2,0,2,16,0,5325,5325
1,2,1,16,0,5725,5725
1,3,1,16,0,5925,5925
3,0,3,16,0,6125,6125
3,1,3,16,3,6325,6322
0,3,0,16,18,6525,6507
1,3,1,16,18,6525,6507
3,2,3,16,16,6525,6509
0,1,0,16,0,7125,7125
3,2,3,16,0,7325,7325
0,3,0,16,20,7525,7505
1,0,1,16,0,7725,7725
2,0,2,16,0,7725,7725
3,0,3,16,0,7725,7725
0,1,0,16,0,7925,7925
2,1,2,16,0,7925,7925
3,1,3,16,0,7925,7925
0,2,0,16,0,8125,8125
1,3,1,16,0,8325,8325
1,0,1,16,20,8525,8505
2,0,2,16,20,8525,8505
3,0,3,16,20,8525,8505
0,1,0,16,0,8725,8725
2,1,2,16,0,8725,8725
3,1,3,16,0,8725,8725
3,2,3,16,20,8925,8905
0,3,0,16,15,9125,9110
2,0,2,16,0,9325,9325
0,1,0,16,4,9525,9521
2,1,2,16,4,9525,9521
3,1,3,16,4,9525,9521
1,3,1,16,20,9925,9905
1,0,1,16,3,10125,10122
2,0,2,16,3,10125,10122
3,0,3,16,3,10125,10122
2,1,2,16,8,10325,10317
0,2,0,16,20,10525,10505
1,2,1,16,20,10525,10505
3,2,3,16,20,10525,10505
1,0,1,16,13,10925,10912
2,1,2,16,15,11125,11110
1,2,1,16,16,11325,11309
0,3,0,16,0,11525,11525
1,1,1,16,13,11525,11512
2,3,2,16,0,11525,11525
3,2,3,16,0,11725,11725
0,0,0,16,0,11925,11925
2,1,2,16,20,11925,11905
3,1,3,16,20,11925,11905
0,2,0,16,10,12125,12115
0,3,0,16,0,12325,12325
1,3,1,16,0,12325,12325
2,3,2,16,0,12325,12325
2,0,2,16,0,12525,12525
2,1,2,16,0,12725,12725
1,2,1,16,15,12925,12910
1,0,1,16,20,13325,13305
2,0,2,16,20,13325,13305
3,0,3,16,20,13325,13305
2,1,2,16,13,13525,13512
0,3,0,16,7,13925,13918
2,0,2,16,1,14125,14124
2,1,2,16,2,14325,14323
3,0,3,16,15,14525,14510
1,3,1,16,0,14725,14725
1,0,1,16,12,14925,14913
2,1,2,16,0,15125,15125
1,3,1,16,19,15525,15506
2,0,2,16,0,15725,15725
0,1,0,16,18,15925,15907
3,2,3,16,0,16125,16125
1,3,1,16,0,16325,16325
0,2,0,16,0,16725,16725
2,2,2,16,0,16725,16725
3,3,3,16,0,16725,16725
0,2,0,16,0,16925,16925
0,3,0,16,15,17125,17110
2,0,2,16,17,17325,17308
0,1,0,16,4,17525,17521
3,2,3,16,14,17725,17711
0,3,0,16,4,17925,17921
1,0,1,16,0,18125,18125
2,0,2,16,0,18125,18125
3,0,3,16,0,18125,18125
0,1,0,16,14,18325,18311
2,1,2,16,14,18325,18311
3,1,3,16,14,18325,18311
0,2,0,16,20,18525,18505
0,3,0,16,0,18725,18725
1,3,1,16,0,18725,18725
2,3,2,16,0,18725,18725
1,0,1,16,0,18925,18925
0,1,0,16,10,19125,19115
0,2,0,16,20,19935,19915
1,3,1,16,17,20135,20118
3,1,3,16,8,20345,20337
0,1,0,16,0,21155,21155
1,3,1,16,0,21155,21155
3,2,3,16,0,21155,21155
0,0,0,16,3,21355,21352
1,3,1,16,20,21355,21335
2,3,2,16,20,21355,21335
3,2,3,16,4,21565,21561
3,2,3,16,19,21765,21746
0,3,0,16,16,22575,22559
3,1,3,16,14,22785,22771
3,2,3,16,0,22985,22985
1,2,1,16,20,23595,23575
0,3,0,16,4,23795,23791
1,3,1,16,4,23795,23791
2,3,2,16,4,23795,23791
0,1,0,16,0,24005,24005
2,3,2,16,18,24005,23987
3,3,3,16,18,24005,23987
3,1,3,16,1,24205,24204
1,2,1,16,20,24405,24385
0,1,0,16,0,24615,24615
2,1,2,16,0,24615,24615
3,1,3,16,0,24615,24615
1,3,1,16,0,24815,24815
0,3,0,16,12,25015,25003
0,1,0,16,20,25225,25205
3,2,3,16,15,25425,25410
1,3,1,16,20,25625,25605
2,1,2,16,18,25835,25817
0,2,0,16,0,26285,26285
1,2,1,16,0,26285,26285
3,2,3,16,0,26285,26285
1,2,1,16,15,26535,26520
